age,gender,height,weight,income
36,Male,169.9600962,116.3355394,81033.01039
33,Female,166.8880777,62.4368802,269939.5454
36,Female,164.1269782,68.71226438,374784.9626
31,Male,181.1920567,120.7795599,154077.6583
32,Female,171.1654142,63.86436463,138074.652
36,Female,167.7136401,68.11528217,299458.394
41,Female,160.85939,72.49742503,69777.90214
27,Male,173.3971814,113.3279698,399970.2208
34,Female,171.559457,70.69365653,74720.47212
33,Male,179.8125133,114.8966444,306566.6013
47,Male,176.0504001,119.6835266,45903.14524
32,Male,179.4100342,127.6438978,144173.3099
40,Male,178.2682663,117.5398778,221016.4144
32,Male,175.9432189,116.0888666,80679.48574
40,Male,178.3148396,116.2530525,208699.3844
34,Male,182.8214498,119.9510076,116988.7526
39,Female,174.425867,68.98438487,198626.7635
22,Male,183.4906574,113.7552755,382434.5913
33,Male,181.2538897,127.2698004,55365.69693
37,Female,169.2074723,70.14404651,135138.9074
27,Female,176.4230161,69.44565109,142407.6673
34,Male,174.2959298,119.9167175,124795.2276
42,Male,166.2796102,,235866.6615
37,Male,182.9494138,121.5003375,167460.9104
33,Male,175.3345613,113.875838,250802.0604
42,Male,172.7239435,103.8218261,205592.2205
34,Male,189.9415167,120.2511143,462528.8601
24,Female,170.4490358,67.30164764,268320.2406
41,Female,176.3928199,71.42580991,
40,Male,178.9208926,122.8434733,122853.0064
34,Female,173.566776,60.42350853,166193.9575
30,Female,179.855654,68.01589084,150005.4432
41,Male,186.2493576,120.9840987,123318.1454
37,Male,178.9783337,112.4547413,277659.995
37,Female,166.3376312,69.98632131,94012.79561
32,Female,166.5631526,71.31421358,97031.4422
35,Male,167.1839766,128.5791113,145693.6172
40,Male,182.3608282,124.327791,85606.64675
43,Female,174.4589351,68.09420437,240699.2535
30,Male,181.3409605,127.7042057,87998.66565
30,Female,166.885072,66.14645668,238446.0138
45,Female,171.7112208,62.75872779,221990.1873
32,Male,181.5947717,,217468.0786
20,Male,176.027519,120.2124421,
35,Female,170.4413481,77.79221421,134524.2664
31,Male,176.5148108,118.9365356,133728.0912
32,Male,175.6384603,128.798683,180381.4157
31,Female,168.0655882,70.99079812,72462.15344
36,Male,175.7669747,120.3499742,136994.9906
37,Female,172.5811417,77.32337562,133415.7542
31,Male,179.0503182,129.4936483,159477.8776
34,Female,164.3592685,62.60732697,64357.32326
31,Male,172.649425,118.6222116,44668.63625
46,Male,179.5915223,126.9317662,224897.4013
21,Male,173.482606,105.2008535,183025.5919
32,Male,183.8321321,109.2753966,123466.8681
42,Female,172.8031142,70.97439059,276158.2887
32,Male,186.6255409,119.1110701,196692.41
30,Male,173.052717,116.8052703,90084.6294
48,Male,170.7858254,116.1028473,93777.27615
39,Female,164.7684353,75.89448774,157823.8444
24,Male,183.5778502,118.6261025,131423.4243
40,Male,179.1234286,124.7111646,69101.12265
36,Male,180.5346885,116.4070901,132929.8573
31,Female,171.3807741,67.62402562,267353.1901
32,Male,168.7474903,121.9731986,293108.5173
32,Male,174.5763488,127.3191186,186179.0766
31,Female,163.694417,66.1686641,66728.0185
35,Male,181.0908221,112.5465967,82659.82641
29,Male,175.711137,122.9374986,171535.6391
33,Female,175.7111479,65.30495604,140217.125
30,Male,177.816616,114.3406918,179220.4877
39,Male,186.7995101,115.2037325,131832.8789
33,Female,163.5427854,64.6466403,182268.854
31,Male,182.4783712,115.6526616,460411.9763
40,Female,177.199366,71.24686167,151606.4234
42,Male,172.4015838,124.235372,329183.9899
29,Female,174.2854982,66.68000515,186691.4355
33,Male,177.0968605,107.4231328,35694.46413
37,Female,169.0924758,72.49541883,384167.4874
38,Female,164.1530509,73.35462308,194824.2196
42,Female,159.2030547,66.89017351,104395.5314
32,Female,162.1716929,75.72166247,175411.3608
32,Female,176.5885712,70.35215698,169715.6435
30,Female,163.6168619,73.06559533,185186.8503
33,Female,171.2818483,70.16182423,147955.9842
34,Female,169.3567189,68.35851179,118914.5383
42,Female,168.0186974,69.41853125,227578.1193
38,Female,178.9877108,70.21255144,85067.97836
28,Male,177.0956789,127.16712,84057.18502
35,Male,177.2569198,125.4096696,138581.8861
41,Male,178.4570887,118.9051744,74375.16749
28,Male,180.6912535,111.2626285,79860.65341
30,Male,174.5391893,126.4360111,125615.5241
32,Female,172.070707,71.76594528,112923.973
32,Female,169.5291008,72.83978551,216137.643
38,Male,175.6030834,122.4134054,375089.9296
40,Male,177.7742264,121.6751008,96318.46647
32,Male,178.2525209,118.1258667,187705.3269
37,Female,168.3796527,60.62006057,87495.01565
36,Male,187.0070081,124.8656538,258901.2534
28,Male,173.6866823,128.5600148,103411.428
31,Female,177.3701871,65.94909641,162946.3182
34,Female,171.7368253,61.98861518,195176.8478
33,Male,172.6278323,117.6913316,413863.2129
35,Male,174.3088424,124.4012868,120359.754
38,Female,164.7977169,72.60502285,237225.6006
29,Female,167.8534143,65.16353668,193599.744
42,Male,185.7756025,116.0274798,266281.8516
44,Female,175.0854092,67.35854741,619215.449
26,Female,176.7567528,71.22917334,138258.6546
37,Male,187.1053457,124.7713952,66368.59277
32,Female,175.3354486,68.98855225,96697.72507
27,Male,185.3330356,119.7063854,242379.2483
42,Female,169.2438644,70.32703947,136235.8508
35,Female,176.0397341,75.58318296,99836.75375
35,Female,171.9913846,75.7868543,66572.20034
38,Male,173.0795054,113.2419442,157926.8153
40,Female,167.8479709,70.47661813,299679.3489
44,Male,188.2189818,112.7043716,308226.2119
36,Male,174.9044507,129.6669726,176413.2542
19,Female,164.5576718,64.59285842,214964.1642
37,Male,178.484617,119.2109384,99471.85895
31,Male,180.0279574,116.0314755,101834.0512
25,Female,174.5237131,73.72844893,114823.3708
25,Male,181.6453091,123.3620237,307392.2051
32,Female,163.1699964,71.50201695,425031.3
32,Female,166.2478447,76.92972951,267781.042
39,Female,174.5714323,74.28281874,227580.6927
33,Female,174.1820414,71.06358488,123815.5656
34,Male,186.3417313,123.7288998,47652.04391
36,Male,172.201578,117.8327162,396557.1217
33,Male,179.5285393,129.7864862,186072.5971
39,Male,175.1820276,116.8002293,199066.1099
29,Female,171.5807448,66.92379428,167679.9162
37,Female,182.4989162,75.57767422,274857.8653
29,Female,172.1379125,75.72894017,119713.9176
41,Male,173.3912883,118.7719596,207939.6504
33,Female,172.1744468,67.97969043,189845.1961
31,Male,174.2044787,125.8343282,39069.92367
39,Female,168.7908159,70.28492342,101493.4922
36,Male,177.7410008,119.6169299,273563.4087
37,Female,166.9412505,74.29883628,85825.49162
28,Female,160.1207099,77.28551911,125098.3142
31,Male,176.6082732,130.0302763,123375.0028
30,Male,174.8615389,129.3259594,184892.5712
42,Female,168.1410359,68.62078735,115264.1345
42,Female,163.6624498,65.44498592,207992.1041
25,Female,178.1890038,72.49533318,121456.5762
36,Male,188.3379067,129.5463526,361274.9868
30,Male,187.6649299,120.1175003,182670.2041
41,Female,172.3372912,78.43496055,135759.419
36,Male,190,129.4793948,111153.8621
30,Male,177.6515376,118.8625854,209310.1113
40,Female,165.4802276,70.90716654,76503.17475
35,Female,175.1406509,63.34999039,510753.8356
33,Female,164.9641485,62.59501326,251300.3124
41,Male,177.4781271,125.4340955,63962.15467
35,Male,168.6793455,125.4750586,71283.46648
35,Male,172.0477252,121.0724622,133294.0384
30,Male,179.8282588,107.6878876,227534.1382
37,Female,168.2014311,74.54793503,61035.60602
33,Female,166.7568383,71.62925675,182570.9096
35,Female,168.8020051,72.10633753,330979.7582
29,Female,172.9236821,75.45658807,58404.17121
33,Male,170.789831,112.2768652,132733.9082
44,Female,169.5882351,62.96027489,86246.80378
37,Female,161.6110488,73.99533305,146693.5071
32,Male,170.4996466,116.8188502,47603.1293
36,Female,174.3574009,71.33728893,78272.18533
33,Male,189.2420057,118.3541878,322117.0776
32,Female,175.6715969,71.901191,98183.43622
31,Female,178.7907744,71.97599167,107682.4679
26,Male,190,117.9906501,56785.82435
35,Female,164.1705531,63.4766178,231296.6434
42,Male,171.3776742,111.861366,167214.1569
41,Male,189.9994714,118.6565715,55222.03924
35,Female,171.1066702,83.23964358,259670.8107
35,Female,168.7225096,66.0335557,271395.6012
38,Male,167.8668838,128.9297835,102914.4262
33,Male,180.8918123,115.2378906,182092.8094
28,Male,187.5761451,114.5589496,122616.37
37,Female,170.5374901,70.51771074,206899.3105
33,Female,175.6783237,77.83154354,85324.84191
20,Male,178.6055622,112.0822834,88286.54796
39,Male,190,124.5350823,145749.3272
37,Female,170.2538257,69.65017864,388500.489
38,Male,176.0900702,120.5019372,229294.6325
33,Male,170.0777442,119.4146058,277867.2422
37,Female,170.6365647,65.83783672,40665.89749
36,Female,172.1163126,65.50540702,112687.4777
42,Male,177.084828,116.9864399,438878.0848
37,Female,172.5262483,74.80720229,60242.68352
25,Male,180.5079741,121.877263,157756.873
38,Female,165.6037332,69.36721986,73169.01594
48,Male,171.4519575,127.7035652,98399.18093
35,Female,173.6337292,69.45764271,173092.5094
35,Female,170.9198904,62.75179549,259448.7132
38,Male,185.8265394,130.5813517,163686.3033
32,Female,166.1107955,77.32818721,81170.56965
34,Female,173.4837264,67.90334813,237910.3488
33,Male,183.1568508,129.230129,262243.9132
31,Female,172.8413545,68.612495,130015.5427
38,Female,167.4191897,75.87306087,105729.9825
38,Female,168.6359865,62.75322334,169346.4868
35,Male,190,115.9786626,223452.3376
28,Female,176.0428367,77.00211333,343896.6219
36,Female,173.989649,65.97185193,105615.1819
35,Female,172.0533742,69.28458599,312297.9458
24,Male,172.6795978,123.3121333,167592.5081
27,Male,176.1936557,111.0876245,138980.9163
32,Male,180.2984619,131.0612913,48075.01124
34,Female,170.9970477,77.76170381,181182.2122
42,Male,187.9538715,123.2740427,175872.1919
34,Female,169.9644781,66.20174396,192959.0801
40,Female,178.1593056,69.21375083,333374.068
42,Female,167.7837283,77.47829473,314223.9369
31,Female,173.5928908,62.72258356,226419.1799
24,Female,176.7523991,67.44842355,134338.4303
29,Male,183.5248351,122.5946414,154991.7353
36,Female,168.2832552,67.36408657,319296.8801
31,Female,169.9813406,73.9134673,90119.10824
35,Female,169.80839,63.49473385,86467.71545
38,Female,176.7766484,74.58555107,73036.61181
45,Female,166.3173332,66.04797069,84815.20792
40,Male,180.5383969,111.9057274,206134.7447
40,Female,174.4219401,53.88968966,127251.0348
30,Female,171.6693204,61.18893785,92461.93471
39,Male,181.9598344,116.4383113,128596.6614
30,Female,173.046348,73.26643181,90920.15266
35,Male,180.8600338,117.11254,87403.33842
22,Male,172.8457448,125.7189045,327627.5987
35,Female,164.154258,81.66149281,244432.9457
30,Male,171.0294786,129.3682995,63393.49375
36,Female,170.7336958,68.37074018,46343.50647
30,Male,175.7826521,122.3570395,148882.003
23,Male,187.6520097,130.1650522,259033.9354
37,Male,178.3822051,120.0480422,245926.3863
36,Female,162.4676702,70.06072072,202136.1337
35,Male,174.1854427,114.0422953,174666.1195
27,Female,172.1968447,69.27863908,55434.83441
24,Female,176.3631848,63.08086484,152995.3364
48,Male,172.7619875,122.4987741,133729.3674
39,Female,164.6263217,66.0891066,202885.3657
33,Male,179.3571928,118.9236129,301508.6463
36,Male,174.5416665,124.6830024,98576.47742
31,Male,178.4682663,132.6665824,140647.6518
40,Male,175.7761973,117.6733993,297592.5308
29,Male,176.1937665,126.1260219,153286.6272
34,Male,168.4945413,124.052324,379031.8236
22,Male,174.2898602,118.4381652,134379.4174
43,Male,172.2374733,124.6162033,231194.3579
26,Female,162.5751037,70.04160577,60925.90539
33,Female,160.764263,68.13998744,192554.3841
29,Female,168.8811606,65.41897068,76346.22264
39,Male,179.9948499,129.8045765,127507.1541
28,Male,184.3681199,136.3671378,78170.72902
32,Female,179.6537769,75.40200545,167538.4123
33,Female,160.4269791,77.50414148,167131.9226
34,Female,178.1164738,74.43079706,125376.7278
31,Female,169.1900193,73.86258088,70901.6368
38,Female,173.1956839,69.77488083,138869.9961
36,Female,170.4459726,65.99159743,116305.1159
31,Male,174.143586,121.5665185,48103.2481
32,Female,177.6972852,75.59112298,149930.926
32,Female,158.7119456,62.29656637,184946.2547
36,Female,170.7211485,64.00585247,235055.2946
35,Female,173.092215,74.06534897,127617.8769
39,Female,180.9582112,71.30350217,86731.57106
34,Male,179.3511325,116.4265337,287996.0905
36,Male,180.3928805,111.8100755,110091.7676
32,Female,177.6117106,70.22617355,231479.563
35,Male,176.0625038,118.1133052,141234.3622
19,Female,172.7692436,71.13748175,100045.9213
35,Male,171.7323931,109.3041831,86199.65047
33,Male,186.5148011,108.8344945,189903.0981
33,Female,183.0494943,64.46005655,145625.7307
36,Male,178.0704223,123.320969,51001.42516
32,Female,171.5874907,69.69094383,108651.4641
31,Female,169.2815399,66.26416226,77474.59016
44,Female,165.3534814,66.39121079,208924.4398
33,Male,176.5619503,120.7611604,117763.7102
34,Male,188.8999735,118.4567003,101029.7735
33,Male,178.8775306,115.8942239,149420.9235
35,Male,179.4341807,119.9294527,122728.4713
36,Female,167.8147932,62.5250327,44776.35712
27,Female,166.1378683,77.63694736,174251.652
37,Male,170.6424123,110.7662663,166578.7748
42,Female,163.3423629,76.12479561,33798.99624
36,Female,160.2697935,67.65300691,133508.0937
40,Male,178.7288213,117.6140249,115487.5048
44,Female,168.8800745,67.82278235,413007.1644
34,Female,164.1614265,72.53406517,122891.5773
44,Female,173.4308364,71.93001942,41447.89704
32,Female,180.1255824,63.50286464,191635.1174
40,Male,179.7053126,125.4291809,121394.2773
22,Female,172.8636095,68.08078371,220062.5015
34,Female,170.7667102,72.56027999,70191.99776
46,Female,165.21766,75.6118964,68371.22131
41,Male,174.0268021,113.093212,56356.59955
44,Female,168.3997669,71.94422335,37881.68906
26,Male,185.8158219,115.5755085,58244.18447
33,Female,167.3883081,69.16743375,42936.62841
38,Male,179.1817765,130.6620696,220505.5373
40,Male,190,132.4532793,46831.22562
41,Male,174.9283432,117.9387732,195397.2771
33,Female,172.9252001,71.67167172,180086.5007
31,Female,169.4229147,71.09344711,59763.8035
27,Male,179.3851415,118.77985,153316.3878
31,Female,162.2836686,75.55800554,454406.7144
35,Female,170.9695368,60.58204138,173692.5795
31,Male,179.6485256,117.315531,99076.48574
29,Male,167.6145202,128.0575363,228886.394
30,Male,188.4781743,117.082068,116455.2227
32,Male,176.2490144,124.9132662,175844.6592
33,Male,186.3197847,112.4828537,109110.5818
38,Female,168.0366157,75.0517767,204401.8865
35,Female,164.8970825,73.12911145,508363.7881
21,Female,175.4502626,72.05690526,300184.6832
45,Male,176.5601096,120.2779284,163030.1992
29,Male,173.3359442,124.3168323,223501.7459
36,Female,175.8151019,64.94819883,210975.984
32,Female,169.2606073,71.31555915,366138.0276
39,Male,167.4698836,123.7657233,107695.7641
36,Female,169.7359984,66.37973838,533104.7527
43,Male,184.7436884,126.510061,112377.4404
39,Female,172.8270821,71.94154359,183764.639
35,Female,169.4277503,68.15954103,293535.3218
33,Male,178.6723479,111.7975932,173677.2208
47,Female,163.6750668,63.78555767,238290.9505
37,Female,174.2972656,71.05386157,138123.4993
37,Male,184.0012218,131.7642137,165249.9027
37,Female,173.0203319,69.33056805,192869.9134
35,Male,179.4037822,115.8384566,381681.4833
37,Female,168.6985762,68.28049824,280901.4546
34,Male,181.2818152,121.7119516,409438.1523
31,Female,172.6497737,68.43200606,147132.8642
41,Male,173.2719102,119.978386,250301.0984
36,Male,179.3148111,111.3152893,181212.8917
34,Male,183.1357124,115.4073296,152120.0862
36,Male,171.3384367,124.0600629,109383.4115
36,Female,176.5452986,77.60540194,147780.2348
29,Male,175.3286414,121.8821974,135133.6335
28,Male,179.1950667,116.3199088,68622.48275
36,Female,172.4910001,73.74705142,254843.9911
33,Male,183.1876186,119.3119933,373143.1071
33,Female,165.4238702,63.98065727,114321.7068
38,Female,171.4276716,61.83579424,92431.26305
36,Male,182.5181024,119.7891814,108091.5937
36,Female,174.9417557,77.44446586,65740.19107
35,Male,175.8742682,120.2227315,275102.8699
35,Male,187.209914,110.7468299,298903.6423
37,Female,161.6783898,66.8707398,206356.2134
33,Female,170.6325428,71.52490548,286560.0575
27,Female,173.4217307,66.72168068,85082.14627
34,Female,171.78155,67.84049166,170959.3994
41,Male,179.7032766,118.3369719,405341.1808
38,Male,179.7976037,120.4332396,82363.68766
36,Male,175.5227956,123.5441961,261293.806
33,Male,180.4525229,121.1570262,123680.8374
38,Female,167.8402076,69.79882549,168428.5401
36,Male,177.5084903,113.5821179,215021.7221
33,Male,171.1217587,114.1043422,74395.02609
36,Female,162.0455925,65.74076938,155362.243
32,Male,178.6590601,125.6027874,64149.80013
27,Male,173.5006888,116.3459477,112733.3477
27,Female,172.9956252,75.18952453,134197.1703
25,Female,169.8163835,70.79827953,121232.0312
35,Female,167.5117333,67.57598234,182454.5687
36,Male,178.6652746,115.3730848,87957.74627
34,Female,167.3159738,73.60484975,43233.42624
26,Male,174.9550654,125.9666226,129692.8397
29,Male,184.4092079,123.2982762,223217.734
41,Female,173.9529277,73.16191508,90999.2597
31,Female,172.5159732,72.69442242,395593.0332
40,Male,180.9622559,118.3075879,64133.95602
33,Female,171.1363325,60.01443597,146483.5069
40,Female,166.9080819,58.98678989,107472.7564
33,Male,176.3780943,129.581101,69113.81299
30,Male,188.001685,105.5094472,102043.0805
31,Male,180.8390513,127.1328493,60083.24815
34,Female,169.7075076,69.28341749,155396.7628
34,Female,170.5432476,80.40818953,129187.2807
33,Male,169.7509787,118.3632567,215255.9247
32,Female,172.4346967,65.9273499,87662.65174
27,Male,180.4406384,107.6637106,104801.2515
34,Female,165.0368687,72.55667273,245949.5902
32,Male,179.2946893,116.3700227,43211.397
42,Female,168.6808739,72.74004647,159064.6242
35,Male,174.2070201,127.6112184,225065.9935
30,Male,181.9672217,120.3492459,120616.4983
37,Male,169.9434479,127.0072604,133639.2397
32,Female,165.4257043,71.11145055,434357.6166
37,Female,168.940156,71.73683845,160077.9824
35,Male,175.866333,122.1735007,195602.6134
35,Male,185.7998453,124.1332299,199130.769
33,Female,164.0174535,66.51923417,43652.66856
32,Male,164.7216889,124.8930554,210488.9719
24,Female,167.7457798,72.48435641,118505.9287
32,Female,168.761218,78.27786703,38498.25011
31,Female,168.5489045,67.11576003,255982.8901
29,Male,182.4265337,115.7568658,88915.60604
35,Female,166.088449,70.20000197,97888.56387
38,Male,172.2070342,127.4342302,241841.4838
40,Female,166.5421202,62.88276006,159101.438
37,Female,170.6162679,62.44529431,160881.4309
35,Male,176.6480221,113.7030014,175336.9087
33,Female,169.4689212,65.2403676,201951.5602
37,Male,178.6062248,127.8309463,437161.4023
30,Female,167.5529188,65.36919781,602914.456
28,Male,178.2675229,125.3795378,191469.0752
35,Male,174.4572864,116.7404748,216007.1612
25,Female,172.4155189,69.40109829,102103.2148
36,Female,173.0213566,72.95825527,98060.27708
40,Female,173.6316875,62.39534062,111626.0818
35,Male,178.8189638,113.0595617,164171.5487
37,Female,173.1997104,74.84701196,216118.4159
28,Male,189.2177995,121.2424811,152285.68
41,Male,178.7144361,127.5793671,95500.78221
43,Male,173.0900462,118.1188929,151842.8072
37,Female,170.3631805,69.94590116,169008.6006
38,Male,180.7694746,119.5920276,119246.6149
37,Male,190,117.0026431,89375.06097
40,Male,179.9876783,131.2615079,52299.42973
36,Male,180.3673364,119.3789135,240140.8734
33,Male,183.4773249,125.261674,312798.14
29,Female,169.9496407,69.68966173,73900.98475
32,Male,178.6459521,123.690229,78973.32531
24,Male,185.4992877,128.4601716,239207.3405
35,Female,162.808253,75.06886037,64652.05093
41,Female,167.7386092,65.78452502,214420.112
43,Female,172.6939318,75.91281452,284764.0663
39,Female,175.6178942,71.35970506,142078.6835
35,Female,178.6231348,66.84749305,301794.16
42,Male,175.1528539,126.1821582,83851.92334
31,Female,172.3743611,65.3507404,181777.4229
37,Female,165.1148584,77.99504925,152529.7217
26,Female,166.3435642,66.54923882,97349.97138
35,Female,168.5803016,62.65093251,356057.4089
43,Female,172.8130203,72.5092618,112212.2562
35,Female,171.8753186,66.24682945,329816.9774
34,Male,184.9022148,115.6209172,240713.8691
28,Female,175.2771238,68.83895973,439813.6521
31,Male,178.5054359,114.1601616,141890.1093
35,Female,170.9348163,71.7399981,264318.0092
41,Female,172.6180616,61.68925398,219588.8126
27,Male,182.920473,114.4933422,83432.20832
29,Female,164.2238321,66.56223962,241880.5801
33,Female,164.8218905,72.82257032,455871.3551
30,Male,167.7756002,125.9158116,130531.617
30,Male,179.1092547,114.5647254,100486.6603
32,Male,176.8086052,118.4758103,191002.819
37,Female,173.7323583,62.48150337,166676.0163
35,Female,171.0656572,69.70640112,202632.7301
37,Male,173.189731,118.0359005,96766.64181
30,Male,178.9261993,120.2414605,126691.2946
34,Male,177.8562363,107.9396958,269676.0013
36,Female,161.2917448,72.52661082,248270.5285
33,Female,161.9551654,72.1498118,37636.37033
37,Female,168.4131858,64.99316596,196637.0785
42,Male,172.3673814,121.1334859,140216.7409
27,Male,183.1033298,124.2272917,322906.3557
35,Male,181.6731093,122.6838219,88184.18397
41,Male,181.5879363,130.4349806,302309.2308
42,Female,176.0462321,66.04308114,155251.7132
33,Male,179.5504862,120.8047671,57908.05003
32,Male,185.9642979,120.3830425,177154.9874
28,Male,183.8847061,133.0861855,64633.31647
39,Male,177.4104421,108.9509651,123117.7918
37,Male,186.6819648,130.8029902,150384.2657
39,Male,168.916088,121.2838531,213154.2467
31,Female,177.4128221,67.30136301,113466.8268
33,Male,181.6695461,110.3644935,280430.1731
33,Male,180.5816554,120.2742315,165024.4495
32,Male,173.6078332,121.248855,122959.8286
30,Female,168.6286039,70.29884892,117271.0228
34,Female,167.1341074,74.93960441,410181.4611
38,Male,174.8304317,128.9692418,203408.7902
40,Male,177.3256108,115.261599,255965.0142
32,Male,177.7434175,123.2617851,205450.5246
31,Female,164.870037,62.39963752,107495.6112
38,Male,188.9473004,119.9415437,109943.9256
28,Female,165.2377994,73.51397223,198273.8075
30,Male,174.8731083,122.6758618,111772.7634
43,Male,183.1983944,118.6035408,75951.74616
36,Female,170.3064349,58.62030322,188094.8796
36,Male,180.2039981,125.1654225,190335.8612
32,Male,168.6467278,122.7482132,156368.7013
40,Male,174.6509332,105.761366,78567.04135
32,Female,172.7746916,67.3653186,150893.9355
36,Female,175.9582538,65.90523168,361666.7753
37,Male,182.6185238,126.4035104,284569.953
26,Male,169.1308741,115.1779735,162138.2426
33,Female,159.6045201,66.78150156,168661.0187
42,Male,179.1717316,116.8788818,165677.5286
29,Female,175.8234464,71.6974704,169877.4507
43,Female,170.0741243,69.21756722,82776.89882
35,Female,181.500181,75.66716646,177555.063
36,Female,167.8306069,64.70300788,160960.5044
35,Male,169.6827866,123.7659171,156809.406
38,Male,181.9394192,117.7363926,152314.5672
33,Male,187.6762832,106.1638309,79389.2122
34,Male,180.114638,116.5598065,116813.2004
42,Male,172.3773702,119.09603,157449.6648
36,Male,174.3386585,123.5445754,76818.22487
27,Male,173.4299749,122.5144386,215551.0635
32,Female,172.3515146,71.14414444,104485.9428
40,Female,167.9052918,78.01871903,234275.1572
31,Female,171.7416164,64.23870955,139911.0972
37,Male,169.8912608,123.5062647,118006.8025
37,Female,178.535315,78.52751681,129111.604
37,Female,175.8316649,69.90113665,78285.53714
26,Male,178.8057304,133.7701564,182328.0887
39,Male,178.9761882,105.4422526,237830.4915
41,Male,180.6119109,122.6632992,161861.5621
28,Male,182.3555068,118.4420054,39731.15352
40,Male,182.9491252,126.0507452,97354.59956
36,Male,176.5748799,117.8469023,113356.0299
32,Female,168.7777325,73.02825967,130149.8952
33,Male,172.1476962,124.3862634,54195.0098
31,Female,171.1547134,74.61135966,145858.672
21,Male,175.1869973,124.1783488,348942.7551
33,Female,164.6917557,72.23257415,212763.1447
30,Male,175.4740429,114.9963474,121962.389
36,Male,181.2215358,119.0536075,279972.6158
34,Male,176.8738047,109.9946994,54443.53019
35,Male,173.7250507,119.3253165,181510.1957
29,Female,173.3333595,66.95286744,73783.69393
26,Female,160.7894883,80.99328669,127970.2184
23,Male,190,120.1040037,122834.9174
32,Male,173.189362,118.1417251,67866.74413
32,Female,174.6976339,72.49777641,43471.24741
38,Male,175.1426528,121.6629097,101799.0199
41,Female,171.0885581,76.28836802,101558.4581
36,Female,167.0212192,74.99445054,282271.5197
32,Male,184.968423,117.7614144,379447.4443
26,Male,187.1420466,118.5035114,114004.9038
32,Female,165.694628,65.17054181,165741.5101
37,Male,181.8494867,109.5813353,150033.5173
39,Female,167.8063383,72.76952392,80655.81815
31,Female,169.6231816,83.49426487,319564.7203
36,Male,177.1264458,113.4541558,51779.66025
41,Male,190,112.940863,191568.516
31,Male,184.1059937,122.7063917,44382.76455
40,Female,163.6134628,70.7185082,340972.4376
22,Female,164.0377238,71.75042114,232519.0828
40,Male,179.669542,126.1863417,156003.9656
40,Male,177.620018,119.5859221,42767.88504
31,Male,180.1061812,112.6761095,79293.52294
41,Female,171.3055979,65.21928506,195504.2075
38,Female,177.6531411,74.75244011,79161.99863
48,Female,173.963566,69.45541986,187975.6096
39,Female,170.8248483,71.98099157,159379.3568
28,Male,170.7892029,132.7762411,99420.44394
41,Male,169.4598063,129.8324538,504057.5494
36,Male,184.5409337,125.3336912,90462.38984
31,Male,180.6298509,120.296811,77382.20563
44,Male,174.4032777,125.5024706,117008.9139
38,Female,171.1988625,68.68718164,176929.6259
25,Male,185.4778851,118.1453536,314738.8474
32,Female,177.5342955,75.06669781,277015.5362
37,Male,170.6104803,117.7988447,234006.7442
41,Male,177.7791858,110.7857625,200085.8209
35,Male,171.5481907,113.8471478,224995.9095
46,Female,173.5720671,69.06494816,33331.70159
34,Female,162.0581712,60.71819057,48993.32789
30,Male,181.9361043,113.0599169,97377.55247
37,Female,166.7134166,72.12416662,83800.97569
38,Female,166.9598563,62.31939544,121574.7021
36,Female,170.1227839,64.88052843,444274.213
36,Female,163.3585131,69.15350971,53127.80189
23,Female,179.0637638,72.55475435,142107.0375
34,Female,171.6982578,71.75026842,94337.57532
46,Male,181.2984294,130.2801103,348068.777
41,Male,176.1597332,119.4689599,209145.2219
33,Male,178.913755,126.9803104,210009.4309
37,Male,160.9104855,117.0862832,45475.46361
29,Female,160.185334,69.21162604,190092.5221
36,Male,172.2103175,120.9932057,336354.3866
42,Male,177.8795093,120.717055,298691.5281
35,Female,167.4739184,60.20521713,108325.0129
37,Male,180.9573783,120.3360738,229251.6181
39,Male,183.3973602,123.5576978,575800.1056
29,Male,183.3094399,130.4844702,201719.0249
39,Male,168.9413758,137.3761635,53363.08496
33,Female,173.7630918,65.81416477,282131.024
29,Male,173.0734991,121.4118352,92653.2941
37,Female,164.1425641,70.13036292,289896.6726
32,Female,165.3338041,72.20036558,608036.7435
32,Female,165.6582661,65.41616464,81891.53233
34,Male,182.4263681,122.2712649,293577.5083
37,Female,176.8506563,67.69487638,172651.0382
24,Female,168.9272875,67.66946401,82563.75893
37,Male,180.758189,115.0042989,139925.4519
32,Female,167.883868,65.64991326,135637.9583
32,Male,183.4712036,114.4518583,107454.3543
40,Female,172.5767484,80.6280482,36838.31473
35,Female,181.2327479,68.34889603,184945.6157
29,Female,178.5438662,70.89240582,142183.9467
38,Male,178.1395662,115.0870484,124796.5325
33,Male,177.6768938,106.8187348,251990.1136
33,Male,182.5221075,117.6172127,546203.5637
37,Male,172.5786568,121.7880794,122387.4914
35,Female,164.1951513,67.41804646,79366.71358
29,Male,184.6866632,120.9838851,136233.7968
35,Female,167.002656,64.65119073,302742.1788
36,Female,171.0507915,70.85408303,29121.63348
36,Female,173.7719716,68.92625531,175681.6756
26,Male,171.1114866,120.5344758,135957.9228
35,Female,164.3215931,69.19379357,204235.0346
29,Female,176.780997,65.64371845,102577.4223
34,Female,171.1846952,64.88308326,138637.818
39,Male,177.3078988,104.5085495,67827.1513
26,Male,183.6806189,128.9078054,158946.0587
33,Male,183.4474918,108.4108129,528089.535
36,Female,173.8987794,66.97866834,133984.1555
36,Female,163.1796041,65.86822936,144675.1483
39,Female,167.5714353,70.93580187,134323.249
34,Female,163.3472952,77.29348165,132459.4012
35,Male,174.5493798,121.3285818,168748.7158
39,Male,187.5003206,110.2231049,100265.9657
37,Male,172.118718,119.0597694,239239.7927
33,Female,181.755507,61.02138585,119528.9853
29,Female,172.4837428,68.18182991,205270.2942
42,Female,166.7313947,69.16256317,182258.6226
40,Male,167.8101348,124.5008247,158271.1531
24,Male,174.3802233,119.4287099,342121.4103
32,Male,182.0119755,120.7066701,245573.3598
37,Female,168.6221304,72.09199514,47820.19174
37,Male,186.1487144,119.0068548,171532.4559
38,Male,177.0965688,115.9014399,277136.3309
38,Female,172.4426046,65.52746498,137173.79
39,Female,165.442123,70.73876651,335586.1791
33,Female,168.9890512,74.33759245,218986.5184
38,Female,174.4331434,66.15068188,70558.1501
38,Male,179.9524653,124.4266306,98618.16174
37,Female,170.6035886,67.35794668,360076.91
32,Male,182.6370981,129.8670269,212160.0037
37,Male,172.1373221,124.251344,122868.522
33,Female,176.6448745,68.58743923,213768.2632
29,Male,181.4023003,123.0729387,175489.6902
40,Female,172.4706491,73.55244186,209458.577
42,Male,181.3919446,117.0291149,95532.42459
45,Female,178.8770787,65.88659673,73568.61829
34,Female,181.0458885,69.91480262,110048.9415
38,Female,175.4748853,66.67217089,45424.78547
38,Female,166.8020063,62.48896993,49269.45822
28,Female,168.7140911,59.0138072,144716.9896
36,Female,170.8448306,66.6021729,66961.97779
31,Female,169.6457339,69.14017494,219641.5736
36,Male,170.4356634,113.9177433,122325.6898
36,Male,186.5854891,107.6658352,195105.1594
39,Male,173.7625486,117.9094694,271640.9762
37,Female,175.8404296,69.96256509,150378.2688
31,Male,167.8943464,124.5383268,147101.485
28,Male,171.1965585,126.5327096,276088.82
36,Male,181.2904395,115.3933664,48037.72961
34,Female,168.5940478,61.67286827,181316.2072
29,Female,163.0006995,69.17606529,136986.5081
34,Female,182.567441,69.16375794,91446.12723
39,Female,161.5935908,62.63953175,271014.9468
23,Male,181.1205114,129.0527737,193941.3923
37,Female,166.1108049,65.19094744,504848.4265
34,Female,168.6625646,65.35998494,125465.9898
28,Female,171.708056,76.09339521,160077.6965
36,Female,171.7539158,68.60831438,380174.9863
40,Male,185.5006,133.9216096,85619.65667
38,Female,169.1135211,61.97138095,178550.8937
35,Male,177.692655,118.4117554,245639.4956
30,Male,178.1096199,104.0208894,272118.1179
27,Male,179.8517735,119.4444042,292457.0742
39,Male,183.3122199,121.4353702,132818.7144
33,Female,163.9093548,73.07167445,50402.58577
40,Female,171.5735107,72.1007626,235039.8878
38,Male,180.7203918,112.8046136,96415.11887
34,Male,180.0768365,127.8724386,243592.6535
33,Female,172.8855285,71.37888542,404098.865
34,Male,181.336814,114.1744535,37474.94764
32,Female,174.4591608,71.68341943,252890.1428
31,Female,166.9782884,77.90899112,115220.0798
29,Female,166.7280823,59.80323426,158677.7925
23,Female,165.8381256,72.94330607,63880.52698
31,Female,169.9461385,65.22990188,140484.6634
40,Female,174.4552701,62.22607466,316292.8487
42,Female,168.2541245,72.29682447,240850.9396
39,Male,183.7036941,118.1792713,79948.17137
37,Male,174.3131131,115.552447,155584.6774
34,Female,174.4468315,67.96304677,335411.9217
34,Male,177.3805503,113.8036711,560124.7953
41,Female,176.0907894,70.78840862,41828.3973
36,Male,184.0520177,129.4190873,233341.8917
33,Male,175.0063222,122.7146461,310199.8609
29,Male,179.878329,108.8434639,162167.816
35,Male,173.0804378,123.3272963,112797.3499
18,Male,176.8763474,128.7597478,327612.4319
31,Female,185.2247101,75.87684488,124269.4247
41,Male,177.7579559,129.8775624,68014.16329
42,Female,174.677692,63.17141786,275406.0709
30,Male,174.1196828,115.292523,140643.0887
30,Male,180.9919002,118.8412354,209318.0766
41,Male,169.593346,126.7665371,321483.7917
39,Male,188.7337072,131.1866902,46076.27141
28,Female,175.574266,68.25754829,112710.0674
41,Male,173.0427722,129.0164913,56295.44396
34,Male,180.8511152,118.0994811,82241.10659
38,Female,161.4575633,65.81389655,143267.9426
31,Male,185.6138548,128.5603057,131228.5341
35,Male,182.0355299,117.7638155,231297.5392
36,Male,171.2160564,124.81136,296445.8591
36,Female,170.5868947,69.05574481,400184.3676
34,Male,180.0360411,127.6125105,240900.4372
32,Male,178.2941871,118.5188455,506213.8481
29,Female,166.3825531,71.32931813,296429.4016
42,Female,162.4990702,66.4195909,132555.0757
30,Male,174.2850942,128.6992664,195949.0053
37,Female,173.5310044,69.95416841,296198.787
26,Male,169.873305,115.3970065,194417.5943
31,Male,169.6544797,119.2266296,185069.1688
32,Male,180.6246714,119.6994184,97488.93844
37,Male,172.5192558,115.3656759,212545.7517
38,Male,176.759132,112.8273213,128840.369
38,Female,168.6501076,72.61758902,38101.26289
36,Female,165.174061,66.53109965,123939.9989
38,Male,180.457854,118.8171834,124228.9336
26,Female,172.1891294,61.84000367,84351.65482
43,Male,176.7719445,128.5149288,435497.1891
38,Female,165.7403101,69.77118761,181145.3693
22,Female,169.4591543,66.5647512,199026.7769
42,Male,177.0234287,121.5513424,156027.3241
33,Male,184.698209,116.3891716,172499.9746
29,Female,169.7757552,71.26481335,164478.9834
38,Male,178.8376776,116.8770121,291670.476
44,Male,165.0057402,119.6965261,133658.7681
30,Female,165.1567184,75.52445516,141407.8116
32,Male,178.7575296,125.2278438,83186.21703
36,Male,183.3885544,113.4815354,37483.22289
42,Male,177.7241103,113.6665142,181932.9607
32,Male,177.3459654,126.277144,266521.8583
37,Female,168.476202,72.27617621,65147.91704
46,Female,168.1046423,62.99216859,192656.7691
37,Male,176.6614708,115.8031227,104352.2717
38,Female,167.9314054,79.18141241,121454.9822
34,Male,183.5317157,114.5807319,204040.1558
30,Female,174.6492474,70.64925192,46871.76497
20,Female,161.5949726,75.8769281,158549.9342
33,Male,181.8380122,114.4560591,252681.0388
43,Male,183.7468287,112.1080197,85243.36014
39,Male,187.5983053,111.5322448,94280.91703
29,Female,171.7668515,67.79319224,134222.761
34,Male,175.4776776,135.5852968,106161.3475
32,Female,166.0108517,77.63372909,727256.8144
27,Male,165.3988214,120.2493839,147126.8449
41,Female,171.2369016,73.91458841,41698.68733
26,Male,187.0177005,117.0131612,260260.0893
33,Male,179.0624303,113.976324,37640.11792
32,Female,171.2311036,71.29897632,124454.9337
40,Female,167.5721319,72.63022563,220277.7184
38,Female,167.0066325,67.36161318,114946.3692
32,Female,183.6097236,71.91257083,165679.7911
39,Male,166.9145192,119.91688,66342.8259
27,Male,167.5878067,117.2284962,215024.7026
33,Female,175.0816652,70.14808624,228125.597
28,Male,171.2897554,117.5772794,189890.5109
33,Female,175.3644955,69.15331202,61323.47905
38,Male,176.8084942,130.9228831,49629.66418
30,Male,180.9847843,110.502648,327480.5445
44,Male,174.0829605,123.2782173,55784.97365
33,Male,190,121.9941656,82180.58719
29,Male,177.0026506,122.5707055,210501.1859
25,Male,178.052766,119.8198344,95368.57971
31,Male,181.6945817,111.068735,263099.6091
33,Male,171.0064137,127.0294887,157281.715
36,Male,185.7741578,127.5576065,148711.0207
25,Female,170.0541921,68.74350282,459352.403
36,Male,180.6024052,119.4446253,443592.6242
31,Male,177.3900188,126.9270922,392607.46
34,Female,175.4912364,66.48319498,29836.54596
45,Female,170.8747452,67.72862955,252890.9327
40,Male,182.6139662,101.4790961,141819.5907
25,Female,172.8336514,71.20082347,65305.03517
36,Female,171.9046356,66.68945654,72477.20033
33,Male,182.6546014,119.2787259,231086.2444
54,Female,170.9398278,81.89779275,63648.2543
35,Female,172.1901045,74.39909935,172457.1237
35,Male,174.3101569,118.016856,399959.694
39,Male,168.3474674,118.3077602,415755.34
30,Male,171.0056713,123.2720175,136455.2079
41,Male,174.240819,130.9056004,289827.1374
30,Female,169.0778109,73.22784875,55935.3197
40,Female,177.4129926,72.55124422,500651.2501
34,Male,183.718247,111.2594696,92731.11878
42,Female,173.4358955,73.78533681,61113.61977
38,Male,172.3574905,113.7167858,83410.67237
38,Male,172.497721,117.8136,231131.3693
31,Female,175.2242555,64.00762875,234338.4799
34,Female,167.2869595,59.21931712,65976.56331
41,Male,176.7768182,119.1553474,224344.4162
36,Male,174.8396437,106.7355129,83606.78386
36,Female,167.7624287,65.01614293,353609.2671
39,Male,176.4650872,117.8572116,334753.2398
40,Male,188.5267255,127.89787,125289.5377
32,Male,179.7362022,118.6741575,156554.5626
40,Male,182.6366825,131.6669159,72168.16876
35,Male,171.3227885,130.8921249,251653.3496
27,Male,184.2181834,111.3565229,82135.7601
33,Female,169.9243628,74.59126347,247398.9091
36,Male,175.7842167,126.0952165,547317.991
38,Female,172.8156497,77.24809099,322987.7181
40,Male,173.2500864,119.7826778,127952.797
30,Male,174.437848,130.7155945,63937.42348
33,Female,169.1626811,77.00904974,218988.7382
43,Male,170.0275116,116.6913949,37010.43821
40,Female,175.2821925,63.00701074,108066.8829
34,Male,174.8201794,128.8102535,79169.96906
33,Female,164.4329378,66.08230019,152680.1421
26,Female,170.5272217,71.46160245,73791.07344
36,Male,180.509623,123.553555,203687.0078
26,Female,171.0583721,66.01845362,129787.6731
37,Female,168.125189,67.05800039,135078.1847
36,Female,174.1166885,76.91307487,233936.0947
34,Male,176.2895224,129.4692669,195519.981
42,Female,168.5739517,79.46303856,176924.6146
31,Female,168.2058179,68.11329882,113663.6489
30,Female,168.6196432,67.95485655,48897.25728
34,Female,170.9505385,72.10246339,104214.0145
20,Female,173.6152699,63.42174647,89555.98643
30,Female,172.5766224,62.79071683,267096.161
40,Male,178.8493968,127.030065,216619.6807
27,Male,181.1846778,124.1247036,136755.1884
32,Male,168.8436313,114.0587992,97936.92775
31,Male,172.2282473,120.8501677,349407.1481
39,Male,173.328879,129.6836328,90723.78067
45,Female,165.5144086,75.75653459,124849.6362
35,Male,174.5368785,111.5742343,262795.1265
45,Male,189.7623156,117.2069041,80353.27629
40,Female,169.1824035,70.72231664,103028.1977
28,Female,167.70896,62.84643823,100146.3514
27,Female,171.1722019,72.61697438,107120.3603
30,Female,174.2038821,72.50929726,205869.3354
30,Male,180.9643692,117.2431111,73838.59033
36,Male,175.9434773,115.669312,121026.8188
35,Male,185.9077993,113.3089319,142050.7793
32,Female,170.0328869,69.1589504,113027.4225
32,Male,176.8924751,124.586846,42678.75566
39,Female,170.3219345,76.59846535,211785.6853
34,Male,181.4895234,118.8391684,155568.3182
36,Male,165.2338487,120.7622737,97401.871
29,Male,179.3857423,122.0539079,94964.22864
43,Male,176.3411261,118.092599,206284.6056
35,Male,181.7552884,119.6258156,48069.35077
40,Male,184.6554045,117.1486886,147305.7719
33,Female,175.0899104,72.33716737,341409.1116
29,Male,172.8732874,122.8764808,188385.0619
32,Female,175.3395988,65.29513795,133514.1772
36,Female,169.9963381,70.05243886,219104.8431
29,Female,185.3980144,65.73211977,108697.9133
42,Male,174.7937514,123.2080962,362859.2708
26,Male,176.3520413,122.3143762,115825.2638
34,Male,183.8253652,129.4302776,120703.56
35,Female,165.6688143,61.16051004,183662.7689
32,Male,177.7287032,126.9381895,159839.2831
31,Male,179.7965081,116.5143888,234094.5382
51,Female,176.8269652,79.10293695,240431.029
32,Female,171.4798004,74.79993299,305577.315
33,Female,161.6436618,55.06811843,86625.56744
39,Female,165.8216154,66.97062706,566351.0957
32,Male,181.6827442,110.0589192,125649.7668
23,Female,180.3540248,72.56087579,238491.603
36,Female,172.2047246,80.28568455,246288.4099
38,Female,176.0649677,74.74873979,257826.3011
29,Female,170.9247889,74.59531414,47578.73707
38,Male,170.2794001,120.4744079,60398.67551
30,Female,166.4316888,67.07081376,78933.32531
25,Female,172.8185135,73.25095884,199144.9822
33,Female,169.1648377,77.13107248,365489.7477
37,Female,164.9463185,61.76446513,220433.5953
30,Female,167.3453656,64.72652126,151672.9735
40,Male,173.7265008,110.8405131,163840.5738
40,Male,174.8081906,118.173486,161010.3157
34,Male,170.968407,119.3682172,258554.4816
37,Female,167.1225082,66.74927055,215348.3069
34,Male,176.9833133,121.8575301,109389.3285
38,Male,173.2838095,120.0720975,112124.2829
35,Female,166.9500387,69.80809638,216249.6276
36,Female,168.1917115,70.31818361,371399.1629
22,Male,172.1151426,116.863165,153150.9302
28,Male,183.0179027,119.2003848,122424.0548
27,Male,181.8442723,122.9338369,71185.03826
28,Female,172.9924847,65.71569542,63594.08169
31,Female,167.6473565,69.79249786,261890.5914
36,Female,164.4013823,74.89148127,110590.3613
28,Male,173.112803,114.6980501,153280.8901
28,Male,185.6638105,118.6758027,100929.5072
35,Male,183.1342689,102.8883973,227385.83
43,Female,165.6455574,71.58241426,91962.09482
35,Female,167.4402628,66.08786251,110860.1523
29,Male,177.6825424,115.4179441,63298.83056
29,Female,170.6877116,69.88068631,105475.9969
32,Male,175.4857043,122.4966537,113594.3297
41,Male,181.1762746,115.9351117,81502.8994
25,Female,164.1712684,71.12139926,355561.4628
36,Male,181.3097142,126.3612645,162653.8248
39,Male,183.2588472,114.9199373,110388.6465
35,Male,174.2746303,112.7955006,152130.2521
27,Female,169.2441083,67.66747131,75981.81651
39,Male,174.1814433,121.7833112,107960.4162
25,Female,170.3246575,74.41800965,124545.0312
30,Female,173.430666,64.08244676,232570.2659
28,Male,179.5917979,126.2696372,146562.9111
35,Male,178.4404441,115.1727853,131109.3054
33,Male,171.8130114,127.0898766,94607.60366
35,Male,175.1702345,121.5257924,121283.6783
39,Male,176.5893974,122.9703104,150040.5222
38,Male,181.8895984,115.1737741,50967.64624
31,Male,179.5867187,117.6473201,76796.91604
29,Male,182.5477301,118.7749944,83604.64967
39,Male,181.3448108,125.4748929,135424.5725
39,Female,166.8803692,70.61504258,564940.089
43,Female,169.6389237,67.60319606,175156.5437
36,Female,172.693514,76.01684925,76239.21022
38,Female,172.7024205,60.73782011,98295.32292
38,Male,180.4785573,119.7050344,337437.3684
33,Female,167.7879364,76.39946312,63789.29696
40,Male,178.3851996,118.2189012,100233.2672
26,Female,165.6679954,74.06368163,53921.94337
31,Male,184.9017365,124.1449301,211820.3888
33,Male,184.1394154,118.3031572,184244.4639
42,Male,169.1649244,124.0232281,105308.1808
37,Male,174.0485528,110.131615,85217.50365
28,Female,174.6268864,57.04090491,157443.035
32,Female,165.1068842,84.86337785,204543.5408
38,Male,172.4264858,122.0008068,56602.60435
33,Female,177.3947181,69.05726406,77615.20912
32,Male,173.5903532,117.899778,408756.4913
41,Male,167.2486566,118.8359442,49594.10368
28,Female,173.0961647,65.13340436,295098.3744
35,Male,170.994669,128.7022568,118691.6495
43,Female,170.2017343,65.17770384,55307.67535
35,Male,181.1974593,119.3053067,103921.0472
37,Male,176.3538756,120.214763,263331.4293
40,Male,177.5770706,100.9250429,115798.4299
33,Male,180.4302993,114.774466,47676.27464
38,Female,170.1550197,73.01963692,319343.7387
36,Male,177.6251899,113.60728,39105.55552
38,Male,180.5926421,122.4703742,500564.6392
35,Female,163.8428739,56.18295641,148580.4442
30,Male,179.7205711,117.408143,164907.3422
28,Female,172.2007532,70.69501354,89115.95214
24,Female,162.8024341,75.49038108,102205.9416
31,Female,175.5817912,74.81889622,305535.449
34,Female,168.614791,61.75956065,163489.9439
43,Female,165.8767391,73.90072566,109825.5915
26,Male,175.1532662,111.7570831,172585.5199
38,Male,175.3597234,126.975826,148085.8496
32,Male,172.0197321,111.7361129,100935.2404
26,Male,172.7481684,128.0273122,328919.4166
39,Male,181.3614166,118.7385724,83182.59987
37,Female,171.8403458,67.02657095,343425.4343
29,Male,170.0139186,116.6851494,66012.88781
36,Male,166.3147708,123.4907973,39171.18073
35,Female,171.8636376,72.37862412,229518.9725
28,Male,186.8685619,114.1833398,145918.1556
26,Female,170.6388709,79.41703731,176272.1193
33,Male,172.3704253,119.8377259,277861.7805
27,Male,176.6788744,127.5468749,107340.4344
42,Female,168.7180764,71.42188966,544978.844
30,Male,181.4703621,124.9493846,265720.1152
40,Female,168.2023085,73.88794591,132784.3943
34,Male,173.3697248,114.5464086,128456.6419
31,Male,175.2458392,121.6983728,51798.10958
33,Male,172.3920911,130.9394351,133131.5496
43,Male,179.16568,111.1272088,125500.0546
33,Female,177.2858541,72.52135326,124241.1576
33,Female,177.4837875,71.45689798,175848.9792
38,Male,177.1341784,125.5323469,391723.2197
31,Female,161.2908291,69.62561966,455367.0833
28,Female,177.1076421,73.7685267,158028.7698
26,Male,182.5089367,122.100465,204410.9015
43,Female,171.1209292,69.09174923,267039.992
33,Female,175.412642,63.70378008,155969.0222
35,Female,166.2456186,75.86235792,324490.259
40,Female,163.9930921,57.59843196,210455.2108
27,Male,175.392317,118.1794813,32330.85215
34,Female,166.9932956,72.06882722,88008.49123
36,Male,181.6463767,121.0872377,55470.84803
33,Female,161.8774109,75.66627261,108222.7634
38,Male,183.457609,123.0510969,155421.7351
37,Female,175.0347278,67.63504125,252286.4683
35,Male,183.9688729,118.8871902,126668.033
41,Male,186.6650236,127.9841771,177680.489
35,Male,178.8285225,115.5330373,110512.6467
40,Male,179.299965,118.7265526,297246.8355
28,Female,161.8187351,69.3850096,173103.6552
34,Female,169.8531785,61.61124076,121225.7052
27,Female,177.0277002,75.08198574,311543.5168
40,Male,183.8170131,121.515819,158088.51
36,Male,178.461417,122.2550219,196751.1243
30,Male,177.9297595,125.4068509,224103.8107
31,Female,170.2050984,66.6377,157781.3058
36,Female,173.0533938,72.16437283,137187.7634
32,Female,175.1446468,63.17596111,266426.5049
33,Male,175.5310077,114.8161684,64292.62747
30,Female,171.5241556,70.13427792,163200.4056
40,Male,178.674236,123.2701169,151401.6523
41,Female,170.5889612,68.29978756,189782.4668
33,Male,187.084027,119.4699337,284126.5042
39,Female,165.8384147,75.52628979,161621.1464
36,Female,164.0473934,75.0759773,159800.7709
33,Male,170.9151144,124.1610882,428737.8131
37,Female,166.9934446,69.54679373,110165.1538
35,Male,183.8213736,116.2501681,182591.1875
30,Female,173.4400739,72.73083003,139327.8653
25,Female,166.6762879,69.48990878,73945.20237
38,Male,180.580553,125.0603063,86463.54183
37,Female,161.3093672,70.65048938,109063.3013
35,Female,178.9813121,68.14938286,132633.4888
36,Female,170.6928494,62.22745688,226343.6885
31,Male,178.9195651,125.4807217,50101.54452
27,Female,167.8096535,68.81073991,267386.6005
27,Female,173.6209916,72.11916049,217453.8594
23,Male,181.5168045,122.8306094,123748.0713
36,Female,166.7518477,71.44870429,88724.07131
37,Male,178.9891247,115.3786824,171848.951
40,Male,175.8638719,121.8181115,89454.10853
35,Male,169.068459,110.8434967,93845.87029
32,Female,171.730397,72.72729955,275327.8396
28,Male,187.721948,129.3845528,156174.7233
30,Female,169.791801,68.71494419,173021.0596
30,Female,166.9748011,68.334785,234947.533
34,Male,177.0689252,118.2826316,61107.05905
35,Male,166.1255705,125.8860615,134272.0338
39,Male,179.5004865,116.5577173,228591.1547
37,Female,173.7164693,84.11756904,81437.62146
30,Male,177.2003469,121.5732619,340282.3812
37,Female,165.3049532,63.73471751,106592.4297
39,Female,165.8918965,66.1734644,82376.14468
33,Female,165.1232908,67.33589183,206269.3327
45,Female,171.8661749,74.15269908,168120.497
33,Male,170.3920747,117.0291044,187426.631
39,Female,165.7065635,70.62235797,344238.0067
35,Male,173.2085206,110.9644563,414362.5778
39,Female,162.7511328,74.8836613,143341.351
37,Male,181.4948211,121.5865604,280516.2568
43,Male,180.1565607,114.6118829,63931.23795
40,Male,165.9693037,103.6768026,148134.75
31,Male,170.2736881,128.0005607,140303.4995
30,Male,174.1120787,134.2705842,305344.4192
41,Male,175.8814515,121.5243705,163854.2746
31,Female,170.003132,75.96635399,218787.0579
34,Male,189.2779259,117.7848428,105185.7608
42,Female,176.90468,68.10927881,165233.6448
32,Male,172.5906207,121.233989,171254.4221
35,Male,168.4495958,107.7915135,407670.8006
29,Male,184.2113599,125.5095638,48904.88442
35,Male,175.9339925,120.9143608,122951.8782
33,Male,183.9892565,115.0298509,302644.957
32,Female,175.5824395,75.44534301,206200.5501
31,Female,172.1612339,76.93949668,202411.7941
27,Female,171.5480692,61.2603543,267150.4859
28,Male,184.6846018,126.7620319,105733.021
38,Male,179.1232607,131.8548289,47341.8874
41,Female,169.953988,64.74307176,58218.19692
42,Female,175.0645239,71.23085443,131099.9824
38,Male,171.6580524,131.0675449,319386.769
39,Male,180.0887669,122.9757818,172797.0952
35,Male,174.0928229,123.3501042,159948.9023
31,Female,171.8445914,73.7752874,131140.616
35,Male,182.3967443,113.7930566,52130.89987
30,Male,169.7245719,113.8181682,107320.048
33,Female,164.4132007,72.31436051,331849.4043
51,Female,169.3441845,71.68307092,248612.7991
31,Male,174.5547225,113.7569658,108064.884
48,Female,171.9807106,75.19756671,70434.28815
44,Male,179.3146298,125.627844,187927.6407
32,Female,167.6381815,76.23788638,163577.6989
33,Female,165.0683616,63.95495086,171749.6944
37,Male,177.7342198,119.230974,130410.6789
29,Male,176.1581046,118.2501029,114388.6303
34,Female,166.6529914,71.5856884,72172.5835
35,Female,172.7326653,65.31718458,232772.4563
36,Female,164.9420173,72.44056584,116865.2858
28,Female,167.4171078,61.39991238,181399.5903
28,Female,171.6149332,63.32545199,114230.6619
37,Male,188.291716,127.6323295,157642.0764
35,Male,176.0898216,125.2232817,153301.5322
33,Female,175.7727797,78.78789852,279546.3888
27,Male,174.7150388,115.3219076,124334.1732
33,Female,168.8452757,69.60178316,182207.2653
36,Female,171.4330692,64.85634181,206039.9288
29,Female,173.4535658,64.42707959,105879.0146
33,Female,169.1445049,63.58938608,158002.3043
28,Female,171.4415319,64.28338468,190263.6517
30,Female,178.7574356,73.50390523,308714.2661
25,Male,183.3749977,122.9332097,128051.6568
35,Female,162.8099137,67.94216963,246821.776
40,Female,172.5611882,71.99080502,339536.8127
33,Male,170.4682149,122.0978117,107175.8573
33,Male,176.9049531,122.8089509,134933.834
31,Female,174.4243351,75.3265933,83804.62775
37,Male,171.93754,126.5087422,46292.83738
34,Female,169.7204887,77.84588238,211767.6606
32,Female,166.0122326,73.35855117,179380.2238
34,Female,162.5144571,61.72781264,132316.0828
43,Female,179.9066279,70.17380057,97376.85773
37,Male,181.6641215,116.0028449,169809.6393
37,Female,167.8571533,66.48607222,343401.9239
29,Male,167.4850322,136.3697896,129696.7212
33,Male,172.0634008,131.8141557,402746.4585
31,Male,178.0436899,110.9018725,227126.3146
34,Male,174.1471233,130.0145029,184599.8086
32,Male,166.7937062,115.5868473,123467.1285
33,Male,174.0699597,116.2860745,153535.9858
47,Female,175.9667508,75.59530939,383574.3025
29,Male,179.0692377,121.155447,95577.3895
42,Female,175.1005041,67.74948789,190911.9197
43,Male,187.4606675,119.9619988,117393.5904
36,Male,180.4419677,120.8018321,136669.166
41,Female,171.6895292,68.67291554,283749.7459
31,Female,179.2499827,77.97628641,63973.30031
31,Female,166.7394206,72.94018115,209196.7169
32,Female,173.0120353,69.93251668,552263.4196
32,Male,171.4106994,112.8990067,59506.92591
38,Female,167.2476344,73.56728117,64629.90796
36,Female,175.8710614,70.59915661,141434.7119
28,Male,176.6579033,127.0365987,184910.2382
43,Female,168.7652089,70.49059377,133619.7177
25,Female,176.0703904,74.22844522,126570.2426
40,Female,157.8770913,68.97927698,66161.19897
33,Male,186.4163257,109.0355751,189804.6989
30,Male,176.0783202,121.8796845,193946.3927
41,Female,175.9484793,59.15099802,142007.9937
35,Female,167.3230482,60.03059832,69413.45845
34,Male,179.1519084,122.3073456,71708.22966
37,Female,166.5016028,71.495759,93774.43685
26,Male,172.2701521,124.7915274,265648.8831
41,Male,176.2340668,132.5174303,131827.5868
27,Female,167.3506743,64.58053951,67836.57467
30,Male,187.6495165,112.9123522,40334.84932
31,Male,185.683849,126.9371045,249778.0503
40,Male,178.8132333,120.288482,234733.4459
36,Male,184.1459149,117.4864123,210039.4406
43,Male,178.3672225,128.8441724,319781.0722
32,Male,179.2831548,121.4764552,119368.9694
34,Female,166.5751522,74.55788905,224759.2697
33,Female,159.5512806,65.34425429,309004.9912
34,Female,172.3757257,69.20018796,128691.4638
36,Male,182.288429,131.1043867,334677.8995
35,Female,170.3346123,62.13072631,208823.4566
41,Male,178.7719534,118.7288297,45158.21393
50,Female,174.1756992,71.74123343,136997.9743
30,Female,162.0914026,62.15604315,228324.4592
36,Female,172.9369808,76.64641276,172537.5079
33,Female,172.8118786,70.91923783,244181.852
21,Female,168.6491868,72.6388903,319322.3587
29,Male,172.9439123,115.97854,67532.53957
27,Male,165.7198243,127.3296619,124620.729
32,Female,169.0490191,67.58515793,264642.1919
30,Female,170.9882203,60.00433594,107145.5336
30,Male,179.3690787,117.4002633,176321.5137
41,Male,176.0708316,118.5202811,357411.9773
36,Male,177.5661406,132.2249221,90299.50514
41,Male,177.4247664,114.5369666,136208.0947
37,Female,165.3210241,82.59189448,263142.5028
26,Male,174.2275799,121.7211991,155613.0685
23,Male,173.6340766,111.6808055,185561.0314
35,Female,166.8993873,72.40519474,305080.8512
28,Female,161.1824564,67.90979768,192659.7041
28,Male,173.8524769,120.8172779,508244.6363
30,Male,180.0470259,116.9410694,37849.60601
38,Female,169.1435762,71.9514235,248706.3466
42,Female,164.2601885,75.31015957,178664.8448
34,Male,183.4486386,126.7378506,266985.5283
30,Female,164.8280343,59.62942343,355007.2728
37,Male,173.1870014,107.3086132,117783.0029
27,Male,169.3222352,117.6161371,99166.94816
41,Male,174.1380153,115.8470525,105629.9819
39,Female,171.2689107,72.42111986,52055.89196
32,Female,172.0860211,65.79845322,130738.6863
34,Female,179.7720736,69.08536017,138194.5965
39,Male,176.5836277,121.6659641,55919.11946
39,Female,174.2271033,70.07322027,151078.61
36,Female,173.8662936,60.33696196,193706.6332
34,Female,170.7151497,62.0934191,283084.1658
34,Female,164.8352316,64.26468947,42066.66661
36,Female,168.3544649,66.53360786,47210.84147
36,Male,183.34832,125.8804366,50137.81871
33,Male,173.8810707,129.1265788,160544.1989
24,Female,169.7365221,65.75917586,194248.3664
25,Female,164.2492983,77.23291836,63713.38824
32,Female,165.3028015,75.56401102,145417.1649
40,Female,172.8585522,62.75961552,185532.5195
25,Female,168.7595394,72.79857484,521659.5983
35,Male,170.9405519,129.808172,156406.0937
35,Male,183.7418277,123.8716247,70751.12575
21,Female,170.1832847,75.30710763,83744.38109
38,Female,162.9525859,70.80553257,130047.4164
35,Female,168.729085,71.20672009,79999.50803
37,Male,184.2275447,126.2401395,439862.3039
44,Female,168.1054695,63.19414231,190314.1189
35,Female,164.329914,72.42842226,64241.32374
36,Male,173.5509498,107.2291677,119744.2673
37,Female,162.1751984,65.14959718,151612.2393
43,Male,184.4576504,121.422538,200200.402
29,Female,168.7006271,68.67747477,76537.14241
35,Female,172.4070977,73.98859916,129101.4903
39,Female,172.01069,72.64439208,310201.4352
32,Female,171.7442648,68.98095259,104778.0048
43,Male,175.5359445,112.577404,72456.83736
29,Female,166.2646177,69.56886374,154341.6046
34,Female,176.6344518,62.19549174,204760.1581
40,Female,170.031842,72.25390859,256381.0718
33,Female,158.7642117,69.33748138,219949.9844
37,Female,173.1007781,64.74131968,212099.8709
30,Male,175.7568593,111.6446045,72370.92498
35,Male,174.3731992,126.517171,194815.5171
39,Male,176.3621388,116.9542476,110944.7472
42,Female,169.5836423,73.44587746,183818.5972
47,Male,176.2330588,124.3373084,193195.551
35,Female,169.4155246,64.54579599,147652.0015
39,Female,165.8017651,73.44399117,227657.1677
33,Male,174.9463281,118.8243372,146308.0632
31,Female,171.421762,67.91302004,68094.10695
33,Female,171.461083,71.74585655,344167.9561
32,Female,167.7013962,69.10615821,296307.7862
36,Female,163.8888317,69.08748843,124850.8901
35,Female,176.9024941,73.39058861,37232.98666
36,Female,169.4812854,62.6705122,479982.1602
24,Male,179.1029774,123.7718252,117668.0559
41,Female,161.9457693,55.30556804,198389.6244
28,Female,169.8375999,70.12021042,219687.0717
34,Male,186.4182694,124.457382,137268.8068
35,Female,178.0411336,66.51122171,136356.2741
34,Male,181.7966738,116.0958142,134706.085
31,Female,171.1375845,69.68487413,90833.77914
37,Female,170.1961899,71.80653343,102268.059
36,Male,174.4126092,129.8799781,349076.5792
36,Female,168.0004,64.6664258,144144.7816
37,Male,183.3302067,115.5005309,359589.5413
35,Male,179.4627749,133.0554369,187611.2124
28,Female,171.1832763,69.54034209,174703.6909
44,Male,182.6646867,116.997989,236928.7846
38,Male,188.085262,119.6272575,317413.4044
37,Female,165.1830791,66.09556377,182417.2243
32,Male,179.3604268,114.9502866,93514.23694
41,Male,170.3160067,117.7756115,62465.16885
30,Female,157.950796,73.15959919,75335.65506
28,Male,171.9760138,118.7782065,184277.998
50,Male,173.6792827,125.6629167,274855.5834
32,Female,172.5864589,73.17907456,179696.9693
31,Female,170.0285149,74.01546433,84701.29612
34,Female,165.3850635,77.43539951,179259.2458
26,Female,173.2124546,72.42110633,594712.4454
32,Female,170.2581793,66.50802967,219581.6552
31,Female,172.8890024,80.48842041,134291.5777
33,Male,188.1643358,120.5323973,216347.598
41,Male,180.0084071,120.7202141,267640.4781
37,Male,190,112.9980534,41020.96267
40,Male,188.7084383,121.6427242,223308.9067
25,Male,175.0209713,118.4766468,86782.29201
35,Male,186.669105,117.9180904,34017.55957
36,Female,161.5686134,69.74832309,246989.7188
30,Female,157.0872511,79.24764521,253521.3272
39,Female,168.8474738,65.35870467,83333.52265
30,Female,168.7625212,74.11083964,177471.9805
34,Female,172.9880454,73.96418416,254654.9734
34,Male,174.5096977,112.7524157,33902.28872
45,Female,166.7721122,66.762178,487818.9225
33,Male,174.1191943,120.0661527,155875.7695
39,Female,166.0202815,71.24092264,241882.5682
30,Female,173.0926706,64.14192453,42494.23046
36,Male,180.0043816,123.5928883,234929.6255
26,Male,181.5671021,129.1273741,234399.8218
31,Male,188.0256453,113.3767625,362223.6757
37,Female,179.3969325,73.11547753,135869.2663
36,Female,172.7055454,68.3313816,105849.0569
32,Female,173.272736,66.77355393,137556.9439
25,Female,177.5513091,74.27110681,235717.2756
32,Male,176.1507938,116.8773567,209016.8499
32,Female,164.5864472,75.09665052,219594.4691
34,Female,171.3730044,68.52430078,186282.0037
34,Male,179.8411149,111.8625183,39781.41669
31,Female,169.1519158,75.50475708,170604.0858
34,Male,177.5550864,114.2765641,49442.47737
48,Male,166.262266,118.9406891,214166.2475
38,Female,172.9827943,68.8964174,105918.0717
30,Male,177.2388424,129.2175507,324697.3714
30,Female,164.0123953,69.86652885,260499.0236
31,Female,159.8723209,66.39832524,42364.47979
37,Male,174.3545099,120.6620457,190349.523
37,Male,183.8947211,131.1849836,95102.20714
30,Male,180.1590439,110.2100809,106488.9378
34,Female,174.896347,76.25298305,224756.5925
27,Male,182.4598041,128.5707934,191002.0606
40,Female,174.9349382,69.7544586,271889.1835
28,Male,168.9526398,126.8384389,93244.9833
35,Female,174.4090421,66.58840428,122482.4963
33,Female,172.3151231,75.2271345,107930.1626
30,Male,186.2078852,129.6872152,169496.1207
35,Female,179.8377558,71.88233021,84109.25027
38,Female,167.1579529,75.4244358,416657.2288
40,Female,169.3007979,75.23541287,396862.1968
25,Female,164.5093182,66.36822565,83323.50273
33,Female,170.4597875,73.52376141,157573.3467
35,Female,175.8863665,73.58422785,59355.79164
45,Female,166.0693335,78.34261789,108641.115
32,Male,181.1826377,113.6661646,134674.9916
44,Male,184.8518857,126.2759029,376014.8765
38,Female,168.7936506,68.12090397,209481.4748
32,Male,175.486514,114.0060115,69486.15549
35,Male,173.8681602,114.4138351,335794.8643
34,Female,169.409198,72.55182373,98697.96718
37,Female,165.2302934,56.79168181,388288.8505
30,Female,165.5821469,66.46440034,57037.65286
30,Female,171.2190914,66.67447019,130288.0498
42,Female,175.0281686,71.76096801,81605.51769
42,Female,169.0599751,71.18444918,66947.04499
36,Female,168.3160934,77.34506117,311396.3427
34,Male,177.7841485,121.1683089,116698.8508
39,Female,164.3490239,62.75153471,83477.70376
32,Male,172.1921972,121.1342924,133727.8714
39,Male,186.9284532,114.2248399,508173.8603
30,Female,164.6292726,67.52343922,337174.2284
40,Female,166.2382948,63.91556978,102966.7003
33,Female,172.0834064,65.77826258,82562.79949
27,Female,168.3272702,67.74900372,81592.38009
36,Male,178.2941855,122.8575135,438507.4503
27,Female,165.3055625,72.27251841,121755.9143
30,Male,183.1988748,116.7024593,226535.0146
39,Male,184.573092,120.8360934,322314.9427
39,Male,186.7806553,111.9087729,68563.35452
37,Male,168.538496,119.2294007,79089.94664
41,Female,172.4162729,70.40220143,283914.3845
36,Female,172.9281467,60.13873505,51512.90874
37,Female,167.1520327,78.89945494,63476.25407
35,Female,173.5746176,69.18897615,185057.7877
28,Female,163.3474724,60.71280144,55358.66896
38,Male,185.0378192,125.4281933,138209.5902
38,Male,182.7877338,124.1503859,125411.2254
32,Female,166.9824744,65.17300443,68808.13424
37,Male,181.9236321,126.7207968,275455.276
33,Female,167.3379747,61.04878466,32012.13291
22,Male,167.7443056,115.338432,118453.3752
34,Female,166.0211212,67.5565196,191929.7156
24,Female,163.820826,64.39740383,116037.2884
30,Female,172.2341654,75.04711892,186737.8755
41,Female,171.2076971,70.80505806,303804.8046
26,Male,160.7338054,129.4763311,188910.9485
32,Male,173.7738722,110.5065512,161604.9775
29,Male,189.4998546,123.1783715,350212.7446
28,Female,165.6479163,71.31470213,74938.1068
35,Female,171.5817148,64.5767785,115748.7287
30,Male,182.4571071,119.9828082,199940.5046
27,Male,172.5895999,118.8421753,132143.0244
38,Male,184.9654152,112.8885249,36551.59459
26,Female,162.0330763,68.4998575,155055.5206
44,Female,158.8308543,62.10027833,270836.8855
31,Female,172.7582545,71.23347913,308082.207
35,Male,178.0773751,120.6662606,91763.37001
29,Female,164.1804326,74.44249709,144899.574
35,Female,164.2421189,71.54584232,161225.9984
33,Female,171.6937161,60.02817341,94069.69956
30,Female,166.5347415,69.51936641,216079.8227
27,Female,180.2000341,69.55134892,332419.7758
35,Female,170.1039953,81.30100639,176059.4322
38,Female,173.0671717,68.96756217,105036.0748
22,Female,171.3917345,70.2141119,171135.7508
38,Male,173.9720827,115.7510911,81524.07948
30,Female,173.6036622,67.5111276,221443.1654
36,Female,166.3583289,68.40921353,265578.5454
24,Female,165.7897796,68.2260363,167066.852
25,Female,167.9575845,72.34781699,115837.3343
31,Female,174.1775075,64.88996706,65932.88988
44,Male,182.1320126,117.5464224,110776.5128
39,Male,179.1825728,123.7478423,215386.9455
39,Female,178.3467512,75.61817443,108174.8553
28,Female,179.8933709,63.60457324,85813.6148
40,Female,176.0107455,72.03011064,375465.3229
40,Male,185.435106,113.7383234,144410.8739
40,Female,178.5841833,68.93933904,300781.131
29,Female,166.4385653,68.80666981,133155.4183
37,Male,172.1959545,114.0659516,247725.3755
39,Male,180.4561102,119.1262793,116717.1934
27,Female,173.2697092,74.21816482,127376.9657
31,Male,184.9552399,117.0764216,262156.0043
30,Female,166.8450641,71.90974157,275717.3005
35,Male,175.9548443,120.5005933,167702.9245
40,Male,175.5097845,117.4578648,150703.1584
32,Male,176.4833215,122.2896238,166482.935
35,Female,171.2199354,72.42142796,255473.7898
29,Female,167.7124233,62.81863103,171807.3355
31,Male,178.7194936,118.0808797,106437.1364
34,Female,164.0135383,74.34172598,231324.5256
49,Female,172.3325762,60.34132266,239415.0921
32,Female,166.6981911,74.93940137,141324.6493
33,Male,172.6124598,117.6741576,120168.2844
38,Female,161.6636274,75.58149945,57264.54518
34,Male,182.4091196,128.6434388,47120.67585
23,Female,164.9206252,74.02813123,136383.1021
39,Male,177.4726699,123.8706343,320471.4241
34,Male,171.0219214,128.0125395,68356.09862
27,Female,173.5546323,81.78061045,155407.0625
34,Male,185.9463372,116.9503303,162769.678
38,Male,169.4882457,120.119781,40215.55027
33,Female,162.3432136,66.68415631,242083.1557
29,Female,172.3578059,65.29800926,102640.9417
34,Male,165.84119,111.0714767,133786.6873
26,Male,178.7123894,119.9402733,170821.4976
32,Female,172.5992971,67.94425521,242279.7121
34,Female,169.644512,67.46149725,50066.90548
31,Female,171.2666961,64.81035164,139196.6367
40,Male,179.0721877,131.3246888,63771.94139
32,Male,182.920415,112.0805835,556726.4612
29,Male,174.1576647,122.4718782,288882.8232
42,Female,168.4119028,84.39805114,184798.0388
24,Male,183.240488,122.0692313,88500.17589
29,Male,173.2654787,114.6145478,93684.62709
34,Male,182.7566654,113.8250884,112519.8195
37,Male,184.1355033,129.6239614,54866.15375
25,Female,170.1899431,62.83599079,159162.2354
49,Female,188.1704434,75.79081468,248410.926
38,Male,171.2693359,120.6873206,51389.89465
42,Male,181.619283,117.8815468,152944.4172
33,Female,166.0590625,74.34866743,112977.5606
19,Male,178.7651544,122.3294577,180554.1962
45,Female,164.1735928,75.01496581,36262.12326
30,Male,169.7279385,129.7399796,323074.4275
36,Female,170.9076097,69.56417317,281711.5923
24,Female,172.9768118,66.93208441,59152.05277
28,Male,174.1908256,120.024943,293864.3566
28,Male,174.3383251,128.808608,144561.5839
30,Male,183.9799155,118.4923566,98961.67069
43,Male,177.0342796,121.0837744,398410.713
44,Female,166.493721,61.49157913,256390.9804
40,Female,172.5236189,65.05352063,281878.9869
39,Male,176.7319367,122.3043081,335288.5017
38,Male,179.1968905,118.9848019,354586.7968
46,Male,174.6275876,124.7603852,166944.0968
41,Male,170.8800315,127.0892922,149231.8674
41,Male,189.3059299,118.8066592,113394.3737
37,Female,170.5732692,64.95997023,191861.9293
31,Female,180.6410247,63.79586681,203514.3303
33,Male,172.7767289,120.5085052,150599.2389
34,Female,170.0296971,66.20780559,121998.3789
35,Female,164.4310665,71.36415055,40689.72087
34,Male,174.2257566,119.6866868,142686.7135
32,Male,182.0930946,116.7242238,137577.807
41,Female,162.7011804,74.22316831,212193.0511
37,Female,167.5675713,65.61247093,236625.555
36,Male,171.5424339,109.0288181,157974.8732
31,Female,170.8701012,69.20361808,370882.923
36,Male,186.7751463,120.7617954,69576.15421
36,Female,162.9126118,71.31557305,245374.3238
23,Male,178.4255455,123.8871079,93375.59969
28,Male,176.3210972,120.2911471,177124.834
33,Female,170.4747109,67.03498793,291437.5218
34,Female,176.0051119,59.52696113,233489.2655
31,Male,171.062545,114.470671,28857.37909
41,Female,164.8627676,77.55057561,101642.32
33,Female,164.1462532,72.46963946,95675.95695
39,Female,162.6638703,61.33488776,347705.8922
36,Male,179.3814053,122.7242179,92787.77973
40,Male,171.0651437,111.8709181,349832.0384
35,Male,167.9623588,117.4800996,118813.9582
33,Female,164.3443336,69.58697086,379908.9043
24,Female,163.7675108,61.1861501,185856.375
42,Male,180.2674444,117.5578751,82456.18159
35,Male,170.6356261,113.5722097,93260.97165
30,Male,183.3652681,113.69042,244941.438
35,Female,174.5917123,72.09761793,127735.2964
30,Female,169.0165544,68.52952877,197582.3406
42,Male,189.5987318,118.3055063,64434.90104
34,Female,168.1406507,72.42169029,59059.46399
40,Male,173.9680996,118.6934004,241963.2632
35,Male,170.4431947,122.796525,165571.4117
31,Female,170.1262492,70.74495514,74254.01551
36,Female,164.6296118,67.60179334,97195.27044
41,Male,180.3934103,120.7674751,171789.7611
36,Female,168.5632044,79.95004132,252788.1596
39,Male,169.223035,120.672595,192358.3961
38,Female,173.3260589,67.05527337,195783.3254
30,Female,171.267256,71.30295716,33968.41713
40,Male,170.5241329,116.4216604,120572.29
30,Female,178.3444345,71.3154588,44327.88061
38,Male,175.4057787,128.4400161,282274.7947
42,Female,172.2697486,66.33303862,147972.43
30,Female,180.225797,62.68483235,726772.9839
40,Male,183.2073914,127.2385786,134525.927
40,Female,179.9509234,66.62206782,107147.9052
35,Male,174.1813523,122.0364956,34414.81158
45,Male,190,114.6270296,344652.3017
36,Male,168.382186,118.7191603,207730.9892
29,Male,175.0032146,121.6581225,172124.6129
22,Female,165.483308,72.43852801,220271.6029
31,Male,163.3558301,122.3247529,80494.28585
47,Female,170.8903736,69.29504366,371794.6501
33,Female,173.3591107,67.68440505,140238.051
48,Female,165.3967996,65.15394277,147336.6782
29,Male,175.156443,110.4392252,325744.0526
29,Female,171.9227691,60.08742259,109336.2912
29,Female,178.989416,69.91756141,228462.3025